"Species","Average Read Size Across All","Average Read Size Species","Ratio"
"ATH","1391.76611523","1544.67800499","1.10986895577"
"LYR","1391.76611523","1336.01441019","0.959941757144"
