"Species","Average Read Size Across All","Average Read Size Species","Ratio"
"ATH","1409.67965974","1543.66674668","1.09504789689"
"LYR","1409.67965974","1336.01441019","0.947743269868"
