"Species","Average Read Size Across All","Average Read Size Species","Ratio"
"ATH","1383.14110458","1542.13949985","1.11495457314"
"LYR","1383.14110458","1336.01441019","0.965927775382"
